ClusterID/Marker gene	2K	4K	6K	8K	10K
0 IL7R	1	1	1	1	1
0 TRAC	1	1	1	1	1
0 IL32	1	1	1	1	1
0 LDHB	1	0	0	0	0
0 LTB	1	1	1	1	1
1 S100A12	1	1	1	1	1
1 VCAN	1	1	1	1	1
1 S100A8	1	1	1	1	1
1 S100A9	1	1	1	1	1
1 LYZ	1	1	1	1	1
2 CCR7	1	1	1	1	1
2 TCF7	1	1	1	1	1
2 TRABD2A	1	1	1	1	1
2 LDHB	1	1	1	1	1
2 NOSIP	1	0	0	0	0
3 LGALS2	1	1	1	1	1
3 CPVL	1	1	1	1	1
3 MS4A6A	1	0	0	0	0
3 PSAP	1	1	1	1	1
3 LYZ	1	0	1	1	1
4 TCL1A	1	1	1	1	1
4 IGHD	1	1	1	1	1
4 CD79A	1	1	1	1	1
4 IGHM	1	1	1	1	1
4 CD79B	1	0	0	0	0
5 GZMK	1	1	1	1	1
5 GZMA	1	1	0	1	1
5 CCL5	1	0	0	0	0
5 KLRB1	1	1	1	1	1
5 DUSP2	1	1	0	0	0
6 KLRD1	1	0	0	0	1
6 GNLY	1	0	0	1	1
6 PRF1	1	0	0	0	0
6 GZMA	1	0	0	0	0
6 NKG7	1	0	1	1	1
7 IGHG1	1	0	0	0	0
7 JCHAIN	1	1	1	1	1
7 IGHA1	1	1	1	1	1
7 IGKC	1	1	1	1	1
7 IGLC2	1	1	1	1	1
8 CDKN1C	1	0	0	0	0
8 FCGR3A	1	0	0	0	0
8 SMIM25	1	0	0	0	0
8 MS4A7	1	0	0	0	0
8 LST1	1	0	0	0	0
9 FCER1A	1	0	0	0	0
9 HLA-DPB1	1	0	0	0	0
9 HLA-DPA1	1	0	0	0	0
9 HLA-DRB1	1	0	0	0	0
9 HLA-DRA	1	0	0	0	0
10 GNG11	1	0	0	0	0
10 PF4	1	0	0	0	0
10 CAVIN2	1	0	0	0	0
10 PPBP	1	0	0	0	0
10 NRGN	1	0	0	0	0
0 TRBC2	0	1	0	0	0
2 LEF1	0	1	1	1	1
4 MS4A1	0	1	1	1	1
3 TYMP	0	1	0	0	0
3 CST3	0	1	0	1	1
8 GNLY	0	1	1	1	1
8 NKG7	0	1	1	1	1
8 KLRD1	0	1	1	0	0
8 PRF1	0	1	1	1	1
8 GZMA	0	1	0	0	0
5 KLRG1	0	1	0	1	1
10 S100A12	0	1	0	0	0
10 AC020656.1	0	1	1	1	1
10 S100A8	0	1	1	1	1
10 VCAN	0	1	0	1	1
10 S100A9	0	1	0	1	1
7 IGLC3	0	1	1	0	1
9 CDKN1C	0	1	1	1	1
9 FCGR3A	0	1	1	1	1
9 SMIM25	0	1	1	1	1
9 MS4A7	0	1	1	1	1
9 LST1	0	1	1	1	1
12 FCER1A	0	1	1	1	1
12 HLA-DPB1	0	1	1	1	1
12 HLA-DPA1	0	1	1	1	1
12 HLA-DRA	0	1	0	1	0
12 HLA-DRB1	0	1	0	0	1
11 CAVIN2	0	1	1	1	1
11 GNG11	0	1	1	1	1
11 PF4	0	1	1	1	1
11 PPBP	0	1	1	1	1
11 NRGN	0	1	1	1	1
15 GZMB	0	1	1	1	1
15 JCHAIN	0	1	1	1	1
15 TCF4	0	1	1	0	0
15 PTGDS	0	1	1	1	1
15 IRF8	0	1	1	1	1
0 CD3D	0	0	1	1	1
3 FGL2	0	0	1	1	1
8 GZMB	0	0	1	1	1
5 NCR3	0	0	1	0	1
5 TRGC2	0	0	1	0	0
5 IL32	0	0	1	1	0
6 CST7	0	0	1	1	0
6 GZMH	0	0	1	1	1
6 CCL5	0	0	1	1	1
6 GZMK	0	0	1	0	0
10 MNDA	0	0	1	0	0
10 KLF4	0	0	1	0	0
10 LYZ	0	0	1	1	1
12 HLA-DQA1	0	0	1	1	1
12 HLA-DQB1	0	0	1	0	0
14 LINC00926	0	0	1	1	0
14 MS4A1	0	0	1	1	1
14 CD79A	0	0	1	1	1
14 IGHM	0	0	1	1	1
14 IGLC2	0	0	1	0	0
13 MS4A1	0	0	1	0	0
13 IGKC	0	0	1	1	1
13 S100A8	0	0	1	0	1
13 S100A9	0	0	1	1	1
13 JCHAIN	0	0	1	1	1
16 TYMS	0	0	1	0	1
16 STMN1	0	0	1	0	1
16 HMGB2	0	0	1	0	1
16 TUBA1B	0	0	1	0	1
16 HIST1H4C	0	0	1	0	1
8 SPON2	0	0	0	1	1
7 MS4A1	0	0	0	1	0
15 ITM2C	0	0	0	1	1
14 IGHD	0	0	0	1	1
13 LYZ	0	0	0	1	1
13 IGHA1	0	0	0	1	0
17 PRSS57	0	0	0	1	1
17 SPINK2	0	0	0	1	1
17 AC084033.3	0	0	0	1	1
17 CDK6	0	0	0	1	1
17 SOX4	0	0	0	1	1
14 TCL1A	0	0	0	0	1
